Date,Open,High,Low,Close,Volume,Ex-Dividend,Split Ratio,Adj. Open,Adj. High,Adj. Low,Adj. Close,Adj. Volume,return,ma30,ma100
2017-01-03,115.8,116.33,114.76,116.15,28781865.0,0.0,1.0,114.36970081288,114.89315453853,113.34254633235,114.71537780152,28781865.0,,,
2017-01-04,115.85,116.51,115.75,116.02,21118116.0,0.0,1.0,114.41908323983,115.07093127555,114.32031838593,114.58698349145,21118116.0,-0.001119869178499983,,
2017-01-05,115.92,116.8642,115.81,116.61,22193587.0,0.0,1.0,114.48821863755,115.42075638805,114.37957729827,115.16969612944,22193587.0,0.005072443494323279,,
2017-01-06,116.78,118.16,116.47,117.91,31751900.0,0.0,1.0,115.33759638107,116.70055136485,115.03142533399,116.45363923011,31751900.0,0.01108658805634055,,
2017-01-09,117.95,119.43,117.94,118.99,33561948.0,0.0,1.0,116.49314517167,117.95486500934,116.48326868628,117.5202996522,33561948.0,0.009117834378480044,,
2017-01-10,118.77,119.38,118.3,119.11,24462051.0,0.0,1.0,117.30301697362,117.9054825824,116.83882216031,117.63881747687,24462051.0,0.0010079799257474574,,
2017-01-11,118.74,119.93,118.6,119.75,27588593.0,0.0,1.0,117.27338751745,118.44868927883,117.135116722,118.27091254181,27588593.0,0.005358800398215168,,
2017-01-12,118.895,119.3,118.21,119.25,27086220.0,0.0,1.0,117.42647304099,117.82647069928,116.7499337918,117.77708827233,27086220.0,-0.004184106522573985,,
2017-01-13,119.11,119.62,118.81,119.04,26111948.0,0.0,1.0,117.63881747687,118.14251823175,117.34252291518,117.56968207915,26111948.0,-0.0017625586836687735,,
2017-01-17,118.34,120.24,118.22,120.0,34439843.0,0.0,1.0,116.87832810187,118.75486032591,116.75981027719,118.51782467656,34439843.0,0.008032171697264253,,
2017-01-18,120.0,120.5,119.71,119.99,23712961.0,0.0,1.0,118.51782467656,119.01164894604,118.23140660026,118.50794819117,23712961.0,-8.333680574845967e-05,,
2017-01-19,119.4,120.09,119.37,119.78,25597291.0,0.0,1.0,117.92523555317,118.60671304506,117.89560609701,118.30054199798,25597291.0,-0.0017516791399811071,,
2017-01-20,120.45,120.45,119.7346,120.0,32597892.0,0.0,1.0,118.96226651909,118.96226651909,118.25570275431,118.51782467656,32597892.0,0.0018350159457296321,,
2017-01-23,120.0,120.81,119.77,120.08,22050218.0,0.0,1.0,118.51782467656,119.31781999312,118.29066551259,118.59683655968,22050218.0,0.0006664445431604468,,
2017-01-24,119.55,120.1,119.5,119.97,23211038.0,0.0,1.0,118.07338283402,118.61658953045,118.02400040707,118.48819522039,23211038.0,-0.0009164757983698,,
2017-01-25,120.42,122.1,120.28,121.88,32586673.0,0.0,1.0,118.93263706293,120.5918866084,118.79436626747,120.37460392982,32586673.0,0.015795242590671537,,
2017-01-26,121.67,122.44,121.6,121.94,26337576.0,0.0,1.0,120.16719773664,120.92768711165,120.09806233891,120.43386284216,26337576.0,0.0004921663621618352,,
2017-01-27,122.14,122.35,121.6,121.95,20562944.0,0.0,1.0,120.63139254996,120.83879874314,120.09806233891,120.44373932755,20562944.0,8.200418225925358e-05,,
2017-01-30,120.93,121.63,120.66,121.63,30377503.0,0.0,1.0,119.4363378178,120.12769179508,119.16967271228,120.12769179508,30377503.0,-0.002627475031584332,,
2017-01-31,121.15,121.39,120.62,121.35,49200993.0,0.0,1.0,119.65362049637,119.89065614573,119.13016677072,119.85115020417,49200993.0,-0.0023047174577346796,,
2017-02-01,127.03,130.49,127.01,128.75,111985040.0,0.0,1.0,125.46099390553,128.87825785037,125.44124093475,127.15974939256,111985040.0,0.05919360737123521,,
2017-02-02,127.975,129.39,127.78,128.53,33710411.0,0.0,1.0,126.39432177485,127.7918444575,126.20173030975,126.94246671398,33710411.0,-0.0017101994218050403,,
2017-02-03,128.31,129.19,128.16,129.08,24507301.0,0.0,1.0,126.72518403541,127.5943147497,126.57703675456,127.48567341042,24507301.0,0.0042700270617207076,,
2017-02-06,129.13,130.5,128.9,130.29,26845924.0,0.0,1.0,127.53505583737,128.88813433576,127.3078966734,128.68072814257,26845924.0,0.009330368031079053,,
2017-02-07,130.54,132.09,130.45,131.53,38183841.0,0.0,1.0,128.92764027732,130.45849551272,128.83875190881,129.9054123309,38183841.0,0.009472227265847158,,
2017-02-08,131.35,132.22,131.22,132.04,23004072.0,0.0,1.0,129.72763559388,130.58688982279,129.59924128382,130.40911308577,23004072.0,0.0038699445043049257,,
2017-02-09,131.65,132.445,131.12,132.42,28349859.0,0.57,1.0,130.58361630713,131.37217669425,130.05790938238,131.34737919779,28349859.0,0.0028737825117077787,,
2017-02-10,132.46,132.94,132.05,132.12,20065458.0,0.0,1.0,131.38705519212,131.86316712396,130.98037625033,131.04980924039,20065458.0,-0.0022680889741110437,,
2017-02-13,133.08,133.82,132.75,133.29,23035421.0,0.0,1.0,132.00203310408,132.73603899901,131.67470615094,132.21033207426,23035421.0,0.008816605093337829,,
2017-02-14,133.47,135.09,133.25,135.02,33226223.0,0.0,1.0,132.38887404871,133.99575181868,132.17065607994,133.92631882862,33226223.0,0.012895709997797765,123.48233333333334,
2017-02-15,135.52,136.27,134.62,135.51,35623100.0,0.0,1.0,134.42226875763,135.16619365114,133.52955888542,134.41234975905,35623100.0,0.003622522720897853,124.12766666666668,
2017-02-16,135.67,135.9,134.8398,135.345,22584555.0,0.0,1.0,134.57105373633,134.79919070367,133.74757847421,134.24868628248,22584555.0,-0.00121836422004874,124.77183333333333,
2017-02-17,135.1,135.83,135.1,135.72,22198197.0,0.0,1.0,134.00567081726,134.72975771361,134.00567081726,134.62064872923,22198197.0,0.002766865801455665,125.40883333333333,
2017-02-21,136.23,136.75,135.98,136.7,24507156.0,0.0,1.0,135.12651765682,135.64230558298,134.87854269231,135.59271059008,24507156.0,0.00719480381387437,126.03516666666665,
2017-02-22,136.43,137.12,136.11,137.11,20836932.0,0.0,1.0,135.32489762842,136.00930853045,135.00748967385,135.99938953187,20836932.0,0.0029947796386600037,126.63916666666667,
2017-02-23,137.38,137.48,136.3,136.53,20788186.0,0.0,1.0,136.26720249353,136.36639247933,135.19595064688,135.42408761422,20788186.0,-0.004239152671903398,127.21983333333334,
2017-02-24,135.91,136.66,135.28,136.66,21776585.0,0.0,1.0,134.80910970225,135.55303459576,134.18421279171,135.55303459576,21776585.0,0.0009517186559719214,127.7835,
2017-02-27,137.14,137.435,136.28,136.93,20257426.0,0.0,1.0,136.02914652761,136.32175698572,135.17611264972,135.82084755742,20257426.0,0.001973756991510107,128.37283333333332,
2017-02-28,137.08,137.435,136.7,136.99,23482860.0,0.0,1.0,135.96963253613,136.32175698572,135.59271059008,135.8803615489,23482860.0,0.000438084119155958,128.97116666666668,
2017-03-01,137.89,140.15,137.595,139.79,36414585.0,0.0,1.0,136.77307142111,139.01476510022,136.480460963,138.65768115133,36414585.0,0.020233366019738803,129.63083333333333,
2017-03-02,140.0,140.2786,138.76,138.96,26210984.0,0.0,1.0,138.86598012152,139.14232342196,137.63602429758,137.83440426919,26210984.0,-0.005955174550187494,130.26316666666668,
2017-03-03,138.78,139.83,138.59,139.78,21571121.0,0.0,1.0,137.65586229474,138.69735714566,137.46740132172,138.64776215275,21571121.0,0.005883636116133465,130.92983333333333,
2017-03-06,139.365,139.77,138.5959,139.34,21750044.0,0.0,1.0,138.23612371168,138.63784315417,137.47325353088,138.21132621523,21750044.0,-0.003152768447010117,131.57450000000003,
2017-03-07,139.06,139.98,138.79,139.52,17446297.0,0.0,1.0,137.93359425499,138.84614212436,137.66578129332,138.38986818967,17446297.0,0.0012909705586968097,132.22250000000003,
2017-03-08,138.95,139.8,138.82,139.0,18707236.0,0.0,1.0,137.82448527061,138.66760014991,137.69553828906,137.87408026351,18707236.0,-0.0037340270299777954,132.85683333333338,
2017-03-09,138.74,138.79,137.05,138.68,22155904.0,0.0,1.0,137.61618630042,137.66578129332,135.93987554039,137.55667230894,22155904.0,-0.0023048123138689836,133.41683333333336,
2017-03-10,139.25,139.3571,138.64,139.14,19612801.0,0.0,1.0,138.12205522801,138.2282877028,137.51699631462,138.01294624363,19612801.0,0.003311499678672527,133.9901666666667,
2017-03-13,138.85,139.43,138.82,139.2,17421717.0,0.0,1.0,137.7252952848,138.30059720245,137.69553828906,138.07246023511,17421717.0,0.00043112740482406615,134.56516666666673,
2017-03-14,139.3,139.65,138.84,138.99,15309065.0,0.0,1.0,138.17165022091,138.51881517121,137.71537628622,137.86416126493,15309065.0,-0.0015097598036524751,135.1438333333334,
2017-03-15,139.41,140.7501,139.025,140.46,25691774.0,0.0,1.0,138.28075920529,139.61000420501,137.89887775996,139.3222540562,25691774.0,0.010520762634207644,135.7808333333334,
2017-03-16,140.72,141.02,140.26,140.69,19231998.0,0.0,1.0,139.58014801928,139.87771797669,139.1238740846,139.55039102354,19231998.0,0.0016361376582474541,136.1788333333334,
2017-03-17,141.0,141.0,139.89,139.99,43884952.0,0.0,1.0,139.85787997953,139.85787997953,138.75687113714,138.85606112294,43884952.0,-0.0049878969023879095,136.5608333333334,
2017-03-20,140.4,141.5,140.23,141.46,21542038.0,0.0,1.0,139.26274006472,140.35382990853,139.09411708886,140.31415391421,21542038.0,0.010446000121109985,136.97350000000006,
2017-03-21,142.11,142.8,139.73,139.84,39529912.0,0.0,1.0,140.95888882192,141.64329972395,138.59816715985,138.70727614424,39529912.0,-0.011518079700618624,137.2918333333334,
2017-03-22,139.845,141.6,139.76,141.42,25860165.0,0.0,1.0,138.71223564353,140.45301989433,138.62792415559,140.27447791989,25860165.0,0.01123527426886921,137.62150000000008,
2017-03-23,141.26,141.5844,140.61,140.92,20346301.0,0.0,1.0,140.11577394261,140.43754625655,139.4710390349,139.77852799089,20346301.0,-0.0035418327030578875,137.91750000000008,
2017-03-24,141.5,141.74,140.35,140.64,22395563.0,0.0,1.0,140.35382990853,140.59188587446,139.21314507182,139.50079603064,22395563.0,-0.0019889195361700784,138.19150000000008,
2017-03-27,139.39,141.22,138.62,140.88,23575094.0,0.0,1.0,138.26092120813,140.07609794829,137.49715831746,139.73885199657,23575094.0,0.0017050302510839691,138.4835000000001,
2017-03-28,140.91,144.04,140.62,143.8,33374805.0,0.0,1.0,139.76860899231,142.87325554788,139.48095803348,142.63519958196,33374805.0,0.020514981098995685,138.83383333333344,
2017-03-29,143.68,144.49,143.19,144.12,29189955.0,0.0,1.0,142.516171599,143.31961048399,142.03014066857,142.95260753652,29189955.0,0.0022228405929461993,139.13716666666676,
2017-03-30,144.19,144.5,143.5,143.93,21207252.0,0.0,1.0,143.02204052658,143.32952948257,142.33762962455,142.7641465635,21207252.0,-0.0013192156053131116,139.41783333333342,
2017-03-31,143.72,144.27,143.01,143.66,19661651.0,0.0,1.0,142.55584759332,143.10139251522,141.85159869413,142.49633360184,19661651.0,-0.001877673627923934,139.69500000000008,
2017-04-03,143.71,144.12,143.05,143.7,19985714.0,0.0,1.0,142.54592859474,142.95260753652,141.89127468845,142.53600959616,19985714.0,0.00027839643832359615,139.96100000000007,
2017-04-04,143.25,144.89,143.17,144.77,19891354.0,0.0,1.0,142.08965466005,143.71637042719,142.01030267141,143.59734244423,19891354.0,0.007418483080973035,140.23000000000008,
2017-04-05,144.22,145.46,143.81,144.02,27717854.0,0.0,1.0,143.05179752232,144.28175334626,142.64511858054,142.85341755072,27717854.0,-0.005194097345231487,140.46033333333344,
2017-04-06,144.29,144.52,143.45,143.66,21149034.0,0.0,1.0,143.12123051238,143.34936747973,142.28803463165,142.49633360184,21149034.0,-0.0025027821740653254,140.69800000000012,
2017-04-07,143.73,144.18,143.27,143.34,16658543.0,0.0,1.0,142.5657665919,143.012121528,142.10949265721,142.17892564727,16658543.0,-0.002229966080882361,140.9206666666668,
2017-04-10,143.6,143.8792,142.9,143.17,18933397.0,0.0,1.0,142.43681961036,142.71375805071,141.74248970975,142.01030267141,18933397.0,-0.0011866951935371264,141.1286666666668,
2017-04-11,142.94,143.35,140.06,141.63,30379376.0,0.0,1.0,141.78216570407,142.18884464585,138.925494113,140.48277689007,30379376.0,-0.010814712145931032,141.28333333333345,
2017-04-12,141.6,142.15,141.01,141.8,20350000.0,0.0,1.0,140.45301989433,140.99856481624,139.86779897811,140.65139986594,20350000.0,0.0011995908717221987,141.35033333333345,
2017-04-13,141.91,142.38,141.05,141.05,17822880.0,0.0,1.0,140.76050885032,141.22670178358,139.90747497243,139.90747497243,17822880.0,-0.005303176650021878,141.42000000000013,
2017-04-17,141.48,141.88,140.87,141.83,16582094.0,0.0,1.0,140.33399191137,140.73075185458,139.72893299799,140.68115686168,16582094.0,0.005514719858511001,141.4883333333335,
2017-04-18,141.41,142.04,141.11,141.2,14697544.0,0.0,1.0,140.26455892131,140.88945583186,139.96698896391,140.05625995113,14697544.0,-0.004451832247374681,141.55033333333347,
2017-04-19,141.88,142.0,140.45,140.68,17328375.0,0.0,1.0,140.73075185458,140.84977983754,139.31233505762,139.54047202496,17328375.0,-0.0036895174533598273,141.5890000000001,
2017-04-20,141.22,142.92,141.16,142.44,23319562.0,0.0,1.0,140.07609794829,141.76232770691,140.01658395681,141.28621577506,23319562.0,0.012433050803795163,141.70366666666678,
2017-04-21,142.44,142.68,141.85,142.27,17320928.0,0.0,1.0,141.28621577506,141.52427174099,140.70099485884,141.1175927992,17320928.0,-0.0011941977465013051,141.82333333333344,
2017-04-24,143.5,143.95,143.18,143.64,17116599.0,0.0,1.0,142.33762962455,142.78398456066,142.02022166999,142.47649560468,17116599.0,0.009583508694806205,141.97333333333344,
2017-04-25,143.91,144.9,143.87,144.54,18216472.0,0.0,1.0,142.74430856634,143.72628942577,142.70463257202,143.36920547689,18216472.0,0.0062461164969529895,142.15133333333344,
2017-04-26,144.47,144.6,143.3762,143.6508,19614287.0,0.0,1.0,143.29977248683,143.42871946837,142.21483242213,142.48720812314,19614287.0,-0.0061709313535016925,142.30669333333347,
2017-04-27,143.9225,144.16,143.31,143.79,13948980.0,0.0,1.0,142.75670731456,142.99228353084,142.14916865153,142.62528058338,13948980.0,0.0009685473383164451,142.41769333333346,
2017-04-28,144.09,144.3,143.27,143.65,20247187.0,0.0,1.0,142.92285054078,143.13114951096,142.10949265721,142.48641460326,20247187.0,-0.000974116414350937,142.51636000000013,
2017-05-01,145.1,147.2,144.96,146.6,32818760.0,0.0,1.0,143.92466939737,146.00765909919,143.78580341725,145.41251918439,32818760.0,0.02032800402725252,142.73669333333348,
2017-05-02,147.54,148.09,146.84,147.51,39752670.0,0.0,1.0,146.34490505092,146.89044997282,145.65057515031,146.31514805518,39752670.0,0.006188180639406538,142.93836000000016,
2017-05-03,145.59,147.49,144.27,147.06,45142806.0,0.0,1.0,144.4107003278,146.29531005802,143.10139251522,145.86879311907,45142806.0,-0.003055303323881437,143.17902666666683,
2017-05-04,146.52,147.14,145.81,146.53,23275690.0,0.0,1.0,145.33316719575,145.94814510771,144.62891829656,145.34308619433,23275690.0,-0.0036104811181424407,143.34936000000016,
2017-05-05,146.76,148.98,146.76,148.96,26787359.0,0.0,1.0,145.57122316167,147.77324084645,145.57122316167,147.75340284929,26787359.0,0.01644762787882318,143.61736000000016,
2017-05-08,149.03,153.7,149.03,153.0,48339210.0,0.0,1.0,147.82283583935,152.45500817627,147.82283583935,151.76067827566,48339210.0,0.02676010786367849,144.02936000000014,
2017-05-09,153.87,154.88,153.45,153.96,35942435.0,0.0,1.0,152.62363115213,153.62545000872,152.20703321176,152.71290213935,35942435.0,0.006254907023109973,144.46536000000015,
2017-05-10,153.63,153.94,152.11,153.26,25670456.0,0.0,1.0,152.3855751862,152.69306414219,150.87788740203,152.01857223874,25670456.0,-0.004557002873287179,144.7806933333335,
2017-05-11,152.45,154.07,152.31,153.95,25596687.0,0.63,1.0,151.83394162925,153.44739512508,151.69450737652,153.32788005131,25596687.0,0.004492048828251174,145.10836000000015,
2017-05-12,154.7,156.42,154.67,156.1,32221756.0,0.0,1.0,154.07484926235,155.78789865298,154.04497049391,155.46919178961,32221756.0,0.013868953150877047,145.5140266666668,
2017-05-15,156.01,156.65,155.05,155.7,25700983.0,0.0,1.0,155.37955548428,156.01696921103,154.42343489416,155.07080821039,25700983.0,-0.002565748681433757,145.91536000000013,
2017-05-16,155.94,156.06,154.72,155.47,19904679.0,0.0,1.0,155.30983835792,155.42935343169,154.09476844131,154.84173765234,19904679.0,-0.0014782918783032496,146.3076933333335,
2017-05-17,153.6,154.57,149.71,150.25,49482818.0,0.0,1.0,152.9792944195,153.9453745991,149.10501411161,149.64283194355,49482818.0,-0.03415221354633245,146.49036000000015,
2017-05-18,151.27,153.34,151.13,152.54,33159664.0,0.0,1.0,150.65871007056,152.72034509301,150.51927581783,151.92357793457,33159664.0,0.015126283320775607,146.77436000000014,
2017-05-19,153.38,153.98,152.63,152.96,26733798.0,0.0,1.0,152.76018345093,153.35775881976,152.0132142399,152.34188069275,26733798.0,0.002749592566998785,147.08436000000015,
2017-05-22,154.0,154.58,152.91,153.99,22340069.0,0.0,1.0,153.37767799872,153.95533418858,152.29208274535,153.36771840924,22340069.0,0.006711215937230431,147.43936000000014,
2017-05-23,154.9,154.9,153.31,153.8,19430358.0,0.0,1.0,154.27404105196,154.27404105196,152.69046632457,153.17848620911,19430358.0,-0.0012346081687778711,147.79369333333347,
2017-05-24,153.84,154.17,152.67,153.34,19118319.0,0.0,1.0,153.21832456703,153.54699101988,152.05305259782,152.72034509301,19118319.0,-0.002995378940795257,148.1840266666668,
2017-05-25,153.73,154.35,153.03,153.87,19044463.0,0.0,1.0,153.10876908275,153.72626363053,152.41159781911,153.24820333547,19044463.0,0.0034504119385383686,148.58636000000013,137.69855800000002
2017-05-26,154.0,154.24,153.31,153.61,21632202.0,0.0,1.0,153.37767799872,153.61670814625,152.69046632457,152.98925400898,21632202.0,-0.001691167308232553,149.00502666666677,138.07315800000003
2017-05-30,153.42,154.43,153.33,153.67,20034934.0,0.0,1.0,152.80002180885,153.80594034638,152.71038550353,153.04901154586,20034934.0,0.00039052330618671995,149.39969333333343,138.44965800000003
2017-05-31,153.97,154.17,152.38,152.76,23162873.0,0.0,1.0,153.34779923028,153.54699101988,151.76422450289,152.14268890314,23162873.0,-0.005939383709925474,149.7850266666668,138.811158
2017-06-01,153.17,153.33,152.22,153.18,16180143.0,0.0,1.0,152.55103207184,152.71038550353,151.6048710712,152.56099166132,16180143.0,0.0027456381241321975,150.20169333333345,139.163858
2017-06-02,153.58,155.45,152.89,155.45,27285861.0,0.0,1.0,152.95937524054,154.82181847338,152.27216356639,154.82181847338,27285861.0,0.01471043602331527,150.63536000000013,139.52845800000003
2017-06-05,154.34,154.45,153.46,153.93,24803858.0,0.0,1.0,153.71630404105,153.82585952534,152.83986016677,153.30796087235,24803858.0,-0.009826182882779595,151.0240266666668,139.87665800000002
2017-06-06,153.9,155.81,153.78,154.45,26249630.0,0.0,1.0,153.27808210391,155.18036369468,153.15856703015,153.82585952534,26249630.0,0.003372465742607377,151.3843600000001,140.22365800000003
2017-06-07,155.02,155.98,154.48,155.37,20678772.0,0.0,1.0,154.39355612572,155.34967671584,153.85573829378,154.74214175754,20678772.0,0.005938949739319174,151.7453600000001,140.58485800000005
2017-06-08,155.25,155.54,154.4,154.99,20771367.0,0.0,1.0,154.62262668377,154.9114547787,153.77606157793,154.36367735728,20771367.0,-0.0024487703949503327,152.12333333333342,140.94435800000002
2017-06-09,155.19,155.19,146.02,148.98,64176149.0,0.0,1.0,154.56286914689,154.56286914689,145.42992559333,148.37796407954,64176149.0,-0.039548529960829276,152.2963333333334,141.23415800000004
2017-06-12,145.74,146.09,142.51,145.32,71563614.0,0.0,1.0,145.15105708788,145.49964271969,141.9341096857,144.7327543297,71563614.0,-0.02487386139512905,152.35200000000006,141.48745800000003
2017-06-13,147.16,147.45,145.15,146.59,33749154.0,0.0,1.0,146.5653187941,146.85414688903,144.56344130853,145.99762219371,33749154.0,0.008701366948938598,152.35166666666674,141.755558
2017-06-14,147.5,147.5,143.84,145.16,31224203.0,0.0,1.0,146.90394483643,146.90394483643,143.25873508659,144.57340089801,31224203.0,-0.009802991957070229,152.2733333333334,142.007158
2017-06-15,143.32,144.4798,142.21,144.29,31348832.0,0.0,1.0,142.74083643361,143.89594962155,141.63532200128,143.70691661321,31348832.0,-0.006011419035705209,152.18100000000004,142.24925800000003
2017-06-16,143.78,144.5,142.2,142.27,49180748.0,0.0,1.0,143.19897754971,143.9160679923,141.6253624118,141.69507953817,49180748.0,-0.014098502646088614,152.03900000000007,142.47225800000004
2017-06-19,143.66,146.74,143.66,146.34,31449132.0,0.0,1.0,143.07946247595,146.14701603592,143.07946247595,145.7486324567,31449132.0,0.028206020792808203,151.95166666666674,142.71685800000006
2017-06-20,146.87,146.87,144.94,145.01,24572170.0,0.0,1.0,146.27649069917,146.27649069917,144.35428992944,144.4240070558,24572170.0,-0.009129975896080186,151.6853333333334,142.94755800000004
2017-06-21,145.52,146.0693,144.61,145.87,21064679.0,0.0,1.0,144.93194611931,145.47902636947,144.02562347659,145.28053175112,21064679.0,0.005913108538318189,151.41566666666674,143.18675800000005
2017-06-22,145.77,146.7,145.1199,145.63,18673365.0,0.0,1.0,145.18093585632,146.107177678,144.5334629442,145.04150160359,18673365.0,-0.0016466556036329122,151.1613333333334,143.42675800000004
2017-06-23,145.13,147.16,145.11,146.35,25997976.0,0.0,1.0,144.54352212957,146.5653187941,144.52360295061,145.75859204618,25997976.0,0.00493185464340581,150.90800000000007,143.67675800000004
2017-06-26,147.17,148.28,145.38,145.82,25524661.0,0.0,1.0,146.57527838358,147.68079281591,144.79251186658,145.23073380372,25524661.0,-0.003628028759610662,150.5653333333334,143.84745800000005
2017-06-27,145.01,146.16,143.62,143.74,24423643.0,0.0,1.0,144.4240070558,145.56935984606,143.03962411802,143.15913919179,24423643.0,-0.014366872337987573,150.1666666666667,143.99955800000004
2017-06-28,144.49,146.11,143.1601,145.83,21915939.0,0.0,1.0,143.90610840282,145.51956189865,142.58158259782,145.2406933932,21915939.0,0.014435447685177185,149.84533333333337,144.16705800000003
2017-06-29,144.71,145.13,142.28,143.68,31116980.0,0.0,1.0,144.12521937139,144.54352212957,141.70503912765,143.09938165491,31116980.0,-0.014852955171584368,149.6263333333334,144.30095800000004
2017-06-30,144.45,144.96,143.78,144.02,22328979.0,0.0,1.0,143.8662700449,144.3742091084,143.19897754971,143.43800769724,22328979.0,0.002363574266831235,149.3423333333334,144.42585800000003
2017-07-03,144.88,145.3001,143.1,143.5,14276812.0,0.0,1.0,144.29453239256,144.71293474663,142.52172546504,142.92010904426,14276812.0,-0.0036171436210450537,149.02700000000007,144.54045800000003
2017-07-05,143.69,144.79,142.7237,144.09,20758795.0,0.0,1.0,143.10934124439,144.20489608724,142.14694611289,143.5077248236,20758795.0,0.004103069145167031,148.6970000000001,144.657158
2017-07-06,143.02,143.5,142.41,142.73,23374374.0,0.0,1.0,142.4420487492,142.92010904426,141.83451379089,142.15322065427,23374374.0,-0.009483370703165704,148.32800000000006,144.763258
2017-07-07,142.9,144.75,142.9,144.18,18505351.0,0.0,1.0,142.32253367543,144.16505772931,142.32253367543,143.59736112893,18505351.0,0.01010778533475562,148.02266666666674,144.872158
2017-07-10,144.11,145.95,143.37,145.06,21030466.0,0.0,1.0,143.52764400257,145.36020846697,142.79063438101,144.47380500321,21030466.0,0.0060849309588338184,147.7290000000001,144.972558
2017-07-11,144.73,145.85,144.38,145.53,18311156.0,0.0,1.0,144.14513855035,145.26061257216,143.79655291854,144.94190570879,18311156.0,0.0032348009899685797,147.45966666666675,145.072758
2017-07-12,145.87,146.18,144.82,145.74,23617964.0,0.0,1.0,145.28053175112,145.58927902502,144.23477485568,145.15105708788,23617964.0,0.0014419613169014058,147.19533333333342,145.176708
2017-07-13,145.5,148.49,145.44,147.77,24922788.0,0.0,1.0,144.91202694035,147.889944195,144.85226940346,147.17285375241,24922788.0,0.013832798673406475,147.02900000000008,145.297208
2017-07-14,147.97,149.33,147.33,149.04,19961788.0,0.0,1.0,147.37204554201,148.72654971135,146.73463181527,148.43772161642,19961788.0,0.008557715377790362,146.89100000000008,145.42060800000002
2017-07-17,148.82,150.9,148.57,149.56,23243713.0,0.0,1.0,148.21861064785,150.29020525978,147.96962091084,148.9556202694,23243713.0,0.0034829238155799683,146.69466666666676,145.545108
2017-07-18,149.2,150.13,148.67,150.08,17713795.0,0.0,1.0,148.59707504811,149.52331686979,148.06921680564,149.47351892239,17713795.0,0.0034708351490016173,146.5663333333334,145.680608
2017-07-19,150.48,151.42,149.95,151.02,20615419.0,0.0,1.0,149.8719025016,150.80810391276,149.34404425914,150.40972033355,20615419.0,0.006243793117364942,146.4520000000001,145.824208
2017-07-20,151.5,151.74,150.19,150.34,17053326.0,0.0,1.0,150.88778062861,151.12681077614,149.58307440667,149.73246824888,17053326.0,-0.00451288262595676,146.28433333333345,145.958308
2017-07-21,149.99,150.44,148.88,150.27,24671002.0,0.0,1.0,149.38388261706,149.83206414368,148.27836818473,149.66275112251,24671002.0,-0.0004657197116876426,146.12700000000012,146.091108
2017-07-24,150.58,152.44,149.9,152.09,21122730.0,0.0,1.0,149.97149839641,151.82398203977,149.29424631174,151.47539640795,21122730.0,0.012038774846642139,146.23066666666682,146.214108
2017-07-25,151.8,153.84,151.8,152.74,18612649.0,0.0,1.0,151.18656831302,153.21832456703,151.18656831302,152.12276972418,18612649.0,0.004264678575960771,146.47800000000015,146.351908
2017-07-26,153.35,153.93,153.06,153.46,15172136.0,0.0,1.0,152.73030468249,153.30796087235,152.44147658756,152.83986016677,15172136.0,0.004702817289281112,146.70700000000016,146.48870799999997
2017-07-27,153.75,153.99,147.3,150.56,32175875.0,0.0,1.0,153.12868826171,153.36771840924,146.70475304682,149.95157921745,32175875.0,-0.019078270912449683,146.88700000000017,146.60090799999998
2017-07-28,149.89,150.23,149.19,149.5,16832947.0,0.0,1.0,149.28428672226,149.62291276459,148.58711545863,148.89586273252,16832947.0,-0.007065283006328416,147.06066666666683,146.70070799999996
2017-07-31,149.9,150.33,148.13,148.85,19422655.0,0.0,1.0,149.29424631174,149.7225086594,147.5313989737,148.24848941629,19422655.0,-0.004357305368955813,147.28000000000017,146.799208
2017-08-01,149.1,150.22,148.41,150.05,24725526.0,0.0,1.0,148.4974791533,149.61295317511,147.81026747915,149.44364015394,24725526.0,0.008029484424590833,147.40366666666685,146.91290799999996
2017-08-02,159.28,159.75,156.16,157.14,69222793.0,0.0,1.0,158.63634124439,159.10444194997,155.52894932649,156.50498909557,69222793.0,0.04616855586129919,147.80800000000016,147.09290799999997
2017-08-03,157.05,157.21,155.02,155.57,26000738.0,0.0,1.0,156.41535279025,156.57470622194,154.39355612572,154.94133354715,26000738.0,-0.010041336648645385,148.13133333333352,147.25660799999997
2017-08-04,156.07,157.4,155.69,156.39,20349532.0,0.0,1.0,155.43931302117,156.76393842207,155.06084862091,155.75801988454,20349532.0,0.005257096349094167,148.49000000000018,147.43060799999995
2017-08-08,158.6,161.83,158.27,160.08,35775675.0,0.0,1.0,157.95908915972,161.1760365619,157.63042270686,159.43310840282,35775675.0,0.023320802827353798,148.94766666666683,147.62680799999995
2017-08-09,159.26,161.27,159.11,161.06,25640394.0,0.0,1.0,158.61642206543,160.61829955099,158.46702822322,160.40914817191,25640394.0,0.006103276091920859,149.45566666666684,147.83050799999995
2017-08-10,159.9,160.0,154.63,155.27,39081017.0,0.63,1.0,159.9,160.0,154.63,155.27,39081017.0,-0.036611429374320346,149.8400000000002,147.98330799999997
2017-08-11,156.6,158.5728,156.07,157.48,25943187.0,0.0,1.0,156.6,158.5728,156.07,157.48,25943187.0,0.014132929082458173,150.22833333333352,148.14350799999997
2017-08-14,159.32,160.21,158.75,159.85,21754810.0,0.0,1.0,159.32,160.21,158.75,159.85,21754810.0,0.014937409430313778,150.76733333333354,148.34360799999996
2017-08-15,160.66,162.195,160.14,161.6,27936774.0,0.0,1.0,160.66,162.195,160.14,161.6,27936774.0,0.010888270581144492,151.35333333333352,148.54540799999998
2017-08-16,161.94,162.51,160.15,160.95,27321761.0,0.0,1.0,161.94,162.51,160.15,160.95,27321761.0,-0.0040303883421779225,151.9350000000002,148.74570799999998
2017-08-17,160.52,160.71,157.84,157.87,26925694.0,0.0,1.0,160.52,160.71,157.84,157.87,26925694.0,-0.019321848201181612,152.39433333333352,148.918008
2017-08-18,157.86,159.5,156.72,157.5,27012525.0,0.0,1.0,157.86,159.5,156.72,157.5,27012525.0,-0.0023464512779477584,152.88666666666686,149.084208
2017-08-21,157.5,157.89,155.1101,157.21,26145653.0,0.0,1.0,157.5,157.89,155.1101,157.21,26145653.0,-0.001842967062265145,153.3210000000002,149.218308
2017-08-22,158.23,160.0,158.02,159.78,21297812.0,0.0,1.0,158.23,160.0,158.02,159.78,21297812.0,0.01621537785047325,153.81166666666684,149.374908
2017-08-23,159.07,160.47,158.88,159.98,19198189.0,0.0,1.0,159.07,160.47,158.88,159.98,19198189.0,0.0012509383667799843,154.2933333333335,149.535408
2017-08-24,160.43,160.74,158.55,159.27,19029621.0,0.0,1.0,160.43,160.74,158.55,159.27,19029621.0,-0.00444793215698585,154.74433333333351,149.691508
2017-08-25,159.65,160.56,159.27,159.86,25015218.0,0.0,1.0,159.65,160.56,159.27,159.86,25015218.0,0.0036975569341831244,155.14733333333348,149.853108
2017-08-28,160.14,162.0,159.93,161.47,25279674.0,0.0,1.0,160.14,162.0,159.93,161.47,25279674.0,0.010020934695656616,155.56166666666684,150.020108
2017-08-29,160.1,163.12,160.0,162.91,29307862.0,0.0,1.0,160.1,163.12,160.0,162.91,29307862.0,0.008878534184548318,156.0066666666668,150.20900799999998
2017-08-30,163.8,163.89,162.61,163.35,26973946.0,0.0,1.0,163.8,163.89,162.61,163.35,26973946.0,0.0026972369690011593,156.44900000000015,150.40590799999998
2017-08-31,163.64,164.52,163.48,164.0,26412439.0,0.0,1.0,163.64,164.52,163.48,164.0,26412439.0,0.003971289777119306,156.8816666666668,150.612508
2017-09-01,164.8,164.94,163.63,164.05,16508568.0,0.0,1.0,164.8,164.94,163.63,164.05,16508568.0,0.00030483158291238273,157.33866666666682,150.82130799999996
2017-09-05,163.75,164.25,160.56,162.08,29317054.0,0.0,1.0,163.75,164.25,160.56,162.08,29317054.0,-0.01208121890673741,157.73233333333346,151.02580799999998
2017-09-06,162.71,162.99,160.52,161.91,21179047.0,0.0,1.0,162.71,162.99,160.52,161.91,21179047.0,-0.001049415201712258,158.0596666666668,151.22690799999998
2017-09-07,162.09,162.24,160.36,161.26,21722995.0,0.0,1.0,162.09,162.24,160.36,161.26,21722995.0,-0.004022656041785126,158.3436666666668,151.42900799999998
2017-09-08,160.86,161.15,158.53,158.63,28183159.0,0.0,1.0,160.86,161.15,158.53,158.63,28183159.0,-0.016443522836512098,158.51600000000013,151.597008
2017-09-11,160.5,162.05,159.89,161.5,31028926.0,0.0,1.0,160.5,162.05,159.89,161.5,31028926.0,0.017930696242347288,158.8806666666668,151.800008
2017-09-12,162.61,163.96,158.77,160.82,71139119.0,0.0,1.0,162.61,163.96,158.77,160.82,71139119.0,-0.004219415542708322,159.25800000000012,152.00140799999997
2017-09-13,159.87,159.96,157.91,159.65,44393752.0,0.0,1.0,159.87,159.96,157.91,159.65,44393752.0,-0.007301807959211904,159.61800000000008,152.17350799999997
2017-09-14,158.99,159.4,158.09,158.28,23073646.0,0.0,1.0,158.99,159.4,158.09,158.28,23073646.0,-0.008618302643567523,159.8923333333334,152.33360799999997
2017-09-15,158.47,160.97,158.0,159.88,48203642.0,0.0,1.0,158.47,160.97,158.0,159.88,48203642.0,0.0100579173258993,159.98366666666672,152.49600799999996
2017-09-18,160.11,160.5,157.995,158.67,27939718.0,0.0,1.0,160.11,160.5,157.995,158.67,27939718.0,-0.007596960097124604,160.08700000000007,152.63730799999996
2017-09-19,159.51,159.77,158.44,158.73,20347352.0,0.0,1.0,159.51,159.77,158.44,158.73,20347352.0,0.0003780718381517252,160.16500000000005,152.78809999999996
2017-09-20,157.9,158.26,153.83,156.07,51693239.0,0.0,1.0,157.9,158.26,153.83,156.07,51693239.0,-0.016900021029687743,160.03133333333338,152.91089999999994
2017-09-21,155.8,155.8,152.75,153.39,36643382.0,0.0,1.0,155.8,155.8,152.75,153.39,36643382.0,-0.017320926794444726,159.77566666666672,153.00829999999993
2017-09-22,152.02,152.27,150.56,151.89,46114424.0,0.0,1.0,152.02,152.27,150.56,151.89,46114424.0,-0.009827123110090066,159.66300000000004,153.06119999999993
2017-09-25,149.99,151.83,149.16,150.55,43922334.0,0.0,1.0,149.99,151.83,149.16,150.55,43922334.0,-0.008861319722184522,159.43200000000007,153.09159999999991
2017-09-26,151.78,153.92,151.69,153.14,35470985.0,0.0,1.0,151.78,153.92,151.69,153.14,35470985.0,0.017057280757234353,159.2083333333334,153.15239999999991
2017-09-27,153.8,154.7189,153.54,154.23,24959552.0,0.0,1.0,153.8,154.7189,153.54,154.23,24959552.0,0.007092459050545608,158.9626666666667,153.2293999999999
2017-09-28,153.89,154.28,152.7,153.28,21896592.0,0.0,1.0,153.89,154.28,152.7,153.28,21896592.0,-0.006178680512972482,158.70700000000002,153.27259999999993
2017-09-29,153.21,154.13,152.0,154.12,25856530.0,0.0,1.0,153.21,154.13,152.0,154.12,25856530.0,0.005465205535406491,158.58200000000002,153.28379999999993
2017-10-02,154.26,154.45,152.72,153.81,18524860.0,0.0,1.0,154.26,154.45,152.72,153.81,18524860.0,-0.00201344529423797,158.45900000000003,153.28229999999994
2017-10-03,154.01,155.09,153.91,154.48,16146388.0,0.0,1.0,154.01,155.09,153.91,154.48,16146388.0,0.004346563656540006,158.36800000000002,153.29449999999994
2017-10-04,153.63,153.86,152.46,153.4508,19844177.0,0.0,1.0,153.63,153.86,152.46,153.4508,19844177.0,-0.006684643643535405,158.1570266666667,153.28950799999993
2017-10-05,154.18,155.44,154.05,155.39,21032800.0,0.0,1.0,154.18,155.44,154.05,155.39,21032800.0,0.012558091321919186,158.0040266666667,153.28240799999992
2017-10-06,154.97,155.49,154.56,155.3,16423749.0,0.0,1.0,154.97,155.49,154.56,155.3,16423749.0,-0.0005793556440012383,157.87169333333338,153.2784079999999
2017-10-09,155.81,156.73,155.485,155.84,16200129.0,0.0,1.0,155.81,156.73,155.485,155.84,16200129.0,0.0034711097395836,157.7376933333334,153.2821079999999
2017-10-10,156.055,158.0,155.1,155.9,15456331.0,0.0,1.0,156.055,158.0,155.1,155.9,15456331.0,0.00038493616950590253,157.5520266666667,153.3386079999999
2017-10-11,155.97,156.98,155.75,156.55,16607693.0,0.0,1.0,155.97,156.98,155.75,156.55,16607693.0,0.00416067170868391,157.34002666666672,153.3787079999999
2017-10-12,156.35,157.37,155.7299,156.0,16045720.0,0.0,1.0,156.35,157.37,155.7299,156.0,16045720.0,-0.0035194405228776925,157.0950266666667,153.40910799999992
2017-10-13,156.73,157.28,156.41,156.99,16287608.0,0.0,1.0,156.73,157.28,156.41,156.99,16287608.0,0.006326101802689246,156.86136000000002,153.43910799999992
2017-10-16,157.9,160.0,157.65,159.88,23894630.0,0.0,1.0,157.9,160.0,157.65,159.88,23894630.0,0.01824142479089647,156.72236000000004,153.4999079999999
2017-10-17,159.78,160.87,159.23,160.47,18816438.0,0.0,1.0,159.78,160.87,159.23,160.47,18816438.0,0.003683475368145587,156.66869333333338,153.5712079999999
2017-10-18,160.42,160.71,159.6,159.76,16158659.0,0.0,1.0,160.42,160.71,159.6,159.76,16158659.0,-0.004434320103708715,156.59702666666672,153.6301079999999
2017-10-19,156.75,157.08,155.02,155.98,42111326.0,0.0,1.0,156.75,157.08,155.02,155.98,42111326.0,-0.023944895205207848,156.4210266666667,153.65380799999988
2017-10-20,156.61,157.75,155.96,156.16,23612246.0,0.0,1.0,156.61,157.75,155.96,156.16,23612246.0,0.0011533287624303898,156.33869333333334,153.6787079999999
2017-10-23,156.89,157.69,155.5,156.17,21654461.0,0.0,1.0,156.89,157.69,155.5,156.17,21654461.0,6.403483497200295e-05,156.1610266666667,153.71280799999988
2017-10-24,156.29,157.42,156.2,157.1,17137731.0,0.0,1.0,156.29,157.42,156.2,157.1,17137731.0,0.0059373877618210304,156.03702666666672,153.75200799999988
2017-10-25,156.91,157.55,155.27,156.405,20126554.0,0.0,1.0,156.91,157.55,155.27,156.405,20126554.0,-0.004433748351909315,155.92886000000004,153.76155799999987
2017-10-26,157.23,157.8295,156.78,157.41,16751691.0,0.0,1.0,157.23,157.8295,156.78,157.41,16751691.0,0.006405069457063945,155.89986000000005,153.79635799999988
2017-10-27,159.29,163.6,158.7,163.05,43904150.0,0.0,1.0,159.29,163.6,158.7,163.05,43904150.0,0.03520303586859823,156.00552666666673,153.88235799999987
2017-10-30,163.89,168.07,163.72,166.72,43923292.0,0.0,1.0,163.89,168.07,163.72,166.72,43923292.0,0.022258856329673924,156.27386000000007,153.99585799999986
2017-10-31,167.9,169.6499,166.94,169.04,35474672.0,0.0,1.0,167.9,169.6499,166.94,169.04,35474672.0,0.01381961474279905,156.61752666666675,154.13635799999986
2017-11-01,169.87,169.94,165.61,166.89,33100847.0,0.0,1.0,169.87,169.94,165.61,166.89,33100847.0,-0.012800460552489778,156.97819333333342,154.31545799999986
2017-11-02,167.64,168.5,165.28,168.11,32710040.0,0.0,1.0,167.64,168.5,165.28,168.11,32710040.0,0.007283614289655858,157.46886000000006,154.54335799999987
2017-11-03,174.0,174.26,171.12,172.5,58683826.0,0.0,1.0,174.0,174.26,171.12,172.5,58683826.0,0.025778709426447093,158.15586000000005,154.80245799999986
2017-11-06,172.365,174.99,171.72,174.25,34242566.0,0.0,1.0,172.365,174.99,171.72,174.25,34242566.0,0.010093813169218906,158.94586000000007,155.09335799999985
2017-11-07,173.91,175.25,173.6,174.81,23910914.0,0.0,1.0,173.91,175.25,173.6,174.81,23910914.0,0.003208620182459215,159.6681933333334,155.39855799999984
2017-11-09,175.11,176.095,173.14,175.88,28636531.0,0.0,1.0,175.11,176.095,173.14,175.88,28636531.0,0.00610227448951673,160.38986000000008,155.73465799999983
2017-11-10,175.11,175.38,174.27,174.67,25061183.0,0.0,1.0,175.11,175.38,174.27,174.67,25061183.0,-0.006903464872307936,161.10286000000008,156.01795799999982
2017-11-13,173.5,174.5,173.4,173.97,16828025.0,0.0,1.0,173.5,174.5,173.4,173.97,16828025.0,-0.004015608883842537,161.76452666666677,156.30755799999983
2017-11-14,173.04,173.48,171.18,171.34,23588451.0,0.0,1.0,173.04,173.48,171.18,171.34,23588451.0,-0.01523298402056097,162.3488600000001,156.56225799999982
2017-11-15,169.97,170.3197,168.38,169.08,28702351.0,0.0,1.0,169.97,170.3197,168.38,169.08,28702351.0,-0.013277910837308645,162.83552666666677,156.79675799999984
2017-11-16,171.18,171.87,170.3,171.1,23497326.0,0.0,1.0,171.18,171.87,170.3,171.1,23497326.0,0.011876205199558535,163.42383333333345,157.04425799999981
2017-11-17,171.04,171.39,169.64,170.15,21665811.0,0.0,1.0,171.04,171.39,169.64,170.15,21665811.0,-0.005567779951233018,163.91583333333344,157.28755799999982
2017-11-20,170.29,170.56,169.56,169.98,15974387.0,0.0,1.0,170.29,170.56,169.56,169.98,15974387.0,-0.0009996178764346481,164.40516666666676,157.54995799999983
2017-11-21,170.78,173.7,170.78,173.14,24875471.0,0.0,1.0,170.78,173.7,170.78,173.14,24875471.0,0.018419732717147565,164.9818333333334,157.82305799999983
2017-11-22,173.36,175.0,173.05,174.96,24997274.0,0.0,1.0,173.36,175.0,173.05,174.96,24997274.0,0.010456860580884804,165.61716666666678,158.1358579999998
2017-11-24,175.1,175.5,174.6459,174.97,14026519.0,0.0,1.0,175.1,175.5,174.6459,174.97,14026519.0,5.715428801592133e-05,166.23116666666678,158.4453579999998
2017-11-27,175.05,175.08,173.34,174.09,20536313.0,0.0,1.0,175.05,175.08,173.34,174.09,20536313.0,-0.005042123785901842,166.8341666666668,158.7512579999998
2017-11-28,174.3,174.87,171.86,173.07,25468442.0,0.0,1.0,174.3,174.87,171.86,173.07,25468442.0,-0.0058762699337189415,167.37016666666676,159.0410579999998
2017-11-29,172.63,172.92,167.16,169.48,40788324.0,0.0,1.0,172.63,172.92,167.16,169.48,40788324.0,-0.02096121117854932,167.69016666666676,159.3085579999998
2017-11-30,170.43,172.14,168.44,171.85,40172368.0,0.0,1.0,170.43,172.14,168.44,171.85,40172368.0,0.013887077537484522,168.0695000000001,159.58525799999978
2017-12-01,169.95,171.67,168.5,171.05,39590080.0,0.0,1.0,169.95,171.67,168.5,171.05,39590080.0,-0.004666091872229057,168.4458333333334,159.8451579999998
2017-12-04,172.48,172.62,169.63,169.8,32115052.0,0.0,1.0,172.48,172.62,169.63,169.8,32115052.0,-0.007334637546366721,168.9065000000001,160.08785799999978
2017-12-05,169.06,171.52,168.4,169.64,27008428.0,0.0,1.0,169.06,171.52,168.4,169.64,27008428.0,-0.000942729270857073,169.35583333333346,160.3268579999998
2017-12-06,167.5,170.2047,166.46,169.01,28224357.0,0.0,1.0,167.5,170.2047,166.46,169.01,28224357.0,-0.0037206598362532375,169.78383333333346,160.53925799999976
2017-12-07,169.03,170.44,168.91,169.452,24469613.0,0.0,1.0,169.03,170.44,168.91,169.452,24469613.0,0.0026118161049786984,170.1955666666668,160.74337799999975
2017-12-08,170.49,171.0,168.82,169.37,23096872.0,0.0,1.0,170.49,171.0,168.82,169.37,23096872.0,-0.0004840299720853283,170.62773333333345,160.94147799999976
2017-12-11,169.2,172.89,168.79,172.67,33092051.0,0.0,1.0,169.2,172.89,168.79,172.67,33092051.0,0.01929658752130894,171.13640000000015,161.16737799999976
2017-12-12,172.15,172.39,171.461,171.7,18945457.0,0.0,1.0,172.15,172.39,171.461,171.7,18945457.0,-0.0056334905209090005,171.42473333333345,161.37417799999977
2017-12-13,172.5,173.54,172.0,172.27,23142242.0,0.0,1.0,172.5,173.54,172.0,172.27,23142242.0,0.003314245554848113,171.60973333333348,161.59347799999978
2017-12-14,172.4,173.13,171.65,172.22,20219307.0,0.0,1.0,172.4,173.13,171.65,172.22,20219307.0,-0.00029028419025872184,171.71573333333347,161.81297799999976
2017-12-15,173.63,174.17,172.46,173.87,37054632.0,0.0,1.0,173.63,174.17,172.46,173.87,37054632.0,0.009535164271679324,171.94840000000013,162.03077799999977
2017-12-18,174.88,177.2,174.86,176.42,28831533.0,0.0,1.0,174.88,177.2,174.86,176.42,28831533.0,0.014559622290922355,172.22540000000015,162.2675779999998
2017-12-19,175.03,175.39,174.09,174.54,27078872.0,0.0,1.0,175.03,175.39,174.09,174.54,27078872.0,-0.010713574095455545,172.29340000000013,162.4783779999998
2017-12-20,174.87,175.42,173.25,174.35,23000392.0,0.0,1.0,174.87,175.42,173.25,174.35,23000392.0,-0.0010891686135050998,172.2967333333335,162.7162779999998
2017-12-21,174.17,176.02,174.1,175.01,20356826.0,0.0,1.0,174.17,176.02,174.1,175.01,20356826.0,0.0037783420264058997,172.30340000000015,162.9713779999998
2017-12-22,174.68,175.424,174.5,175.01,16052615.0,0.0,1.0,174.68,175.424,174.5,175.01,16052615.0,0.0,172.27440000000016,163.23297799999978
2017-12-26,170.8,171.47,169.679,170.57,32968167.0,0.0,1.0,170.8,171.47,169.679,170.57,32968167.0,-0.025697345495284404,172.13773333333347,163.4381779999998
2017-12-27,170.1,170.78,169.71,170.6,21672062.0,0.0,1.0,170.1,170.78,169.71,170.6,21672062.0,0.00017586540479718152,172.02540000000013,163.57277799999977
2017-12-28,171.0,171.85,170.48,171.08,15997739.0,0.0,1.0,171.0,171.85,170.48,171.08,15997739.0,0.0028096483011293425,172.01673333333346,163.7278779999998
2017-12-29,170.52,170.59,169.22,169.23,25643711.0,0.0,1.0,170.52,170.59,169.22,169.23,25643711.0,-0.010872546938713586,172.02173333333346,163.8562779999998
2018-01-02,170.16,172.3,169.26,172.26,25048048.0,0.0,1.0,170.16,172.3,169.26,172.26,25048048.0,0.01774622694103316,172.06040000000013,163.97807799999975
2018-01-03,172.53,174.55,171.96,172.23,28819653.0,0.0,1.0,172.53,174.55,171.96,172.23,28819653.0,-0.00017417051337248623,172.12973333333346,164.08977799999974
2018-01-04,172.54,173.47,172.08,173.03,22211345.0,0.0,1.0,172.54,173.47,172.08,173.03,22211345.0,0.004634197020902013,172.23140000000012,164.26737799999972
2018-01-05,173.44,175.37,173.05,175.0,23016177.0,0.0,1.0,173.44,175.37,173.05,175.0,23016177.0,0.011320984054957106,172.2934000000001,164.44257799999974
2018-01-08,174.35,175.61,173.93,174.35,20134092.0,0.0,1.0,174.35,175.61,173.93,174.35,20134092.0,-0.0037212008018539565,172.27306666666678,164.58757799999975
2018-01-09,174.55,175.06,173.41,174.33,21262614.0,0.0,1.0,174.55,175.06,173.41,174.33,21262614.0,-0.00011471836653621983,172.25173333333345,164.71487799999977
2018-01-10,173.16,174.3,173.0,174.29,23589129.0,0.0,1.0,173.16,174.3,173.0,174.29,23589129.0,-0.00022947622153374797,172.2584000000001,164.84827799999977
2018-01-11,174.59,175.4886,174.49,175.28,17523256.0,0.0,1.0,174.59,175.4886,174.49,175.28,17523256.0,0.005664116753620801,172.33206666666678,165.02237799999978
2018-01-12,176.18,177.36,175.65,177.09,25039531.0,0.0,1.0,176.18,177.36,175.65,177.09,25039531.0,0.010273382633496518,172.58573333333345,165.21827799999977
2018-01-16,177.9,179.39,176.14,176.19,29159005.0,0.0,1.0,177.9,179.39,176.14,176.19,29159005.0,-0.005095119718169932,172.7304000000001,165.40807799999976
2018-01-17,176.15,179.25,175.07,179.1,32752734.0,0.0,1.0,176.15,179.25,175.07,179.1,32752734.0,0.016381350864128324,172.99873333333343,165.60127799999975
2018-01-18,179.37,180.1,178.25,179.26,30234512.0,0.0,1.0,179.37,180.1,178.25,179.26,30234512.0,0.0008929568625495602,173.31406666666678,165.79407799999976
2018-01-19,178.61,179.58,177.41,178.46,30827809.0,0.0,1.0,178.61,179.58,177.41,178.46,30827809.0,-0.004472779457210183,173.60806666666676,165.98597799999973
2018-01-22,177.3,177.78,176.6016,177.0,26023683.0,0.0,1.0,177.3,177.78,176.6016,177.0,26023683.0,-0.008214753898176243,173.8744000000001,166.15737799999974
2018-01-23,177.3,179.44,176.82,177.04,31702531.0,0.0,1.0,177.3,179.44,176.82,177.04,31702531.0,0.00022596316896499895,174.1273333333334,166.31307799999973
2018-01-24,177.25,177.3,173.2,174.22,50562257.0,0.0,1.0,177.25,177.3,173.2,174.22,50562257.0,-0.016056827352048247,174.2890000000001,166.42617799999974
2018-01-25,174.505,174.95,170.53,171.11,39661804.0,0.0,1.0,174.505,174.95,170.53,171.11,39661804.0,-0.018012243846866834,174.23700000000008,166.50377799999976
2018-01-26,172.0,172.0,170.06,171.51,37121805.0,0.0,1.0,172.0,172.0,170.06,171.51,37121805.0,0.002334949400110534,174.23066666666676,166.57887799999975
2018-01-29,170.16,170.16,167.07,167.96,48434424.0,0.0,1.0,170.16,170.16,167.07,167.96,48434424.0,-0.020915718127997005,174.08700000000007,166.61797799999974
2018-01-30,165.525,167.37,164.7,166.97,45137026.0,0.0,1.0,165.525,167.37,164.7,166.97,45137026.0,-0.005911700255126828,173.9120000000001,166.66687799999974
2018-01-31,166.87,168.4417,166.5,167.43,30984099.0,0.0,1.0,166.87,168.4417,166.5,167.43,30984099.0,0.0027511979075863237,173.69733333333343,166.72207799999975
2018-02-01,167.165,168.62,166.76,167.78,38099665.0,0.0,1.0,167.165,168.62,166.76,167.78,38099665.0,0.002088243949696684,173.40933333333342,166.78727799999976
2018-02-02,166.0,166.8,160.1,160.37,85436075.0,0.0,1.0,166.0,166.8,160.1,160.37,85436075.0,-0.04516995189743101,172.93700000000007,166.80467799999974
2018-02-05,159.1,163.88,156.0,157.49,66090446.0,0.0,1.0,159.1,163.88,156.0,157.49,66090446.0,-0.018121681334228174,172.37500000000006,166.76457799999974
2018-02-06,154.83,163.72,154.0,163.03,66625484.0,0.0,1.0,154.83,163.72,154.0,163.03,66625484.0,0.034572268765073556,171.9756666666667,166.78667799999974
2018-02-07,163.085,163.4,159.0685,159.54,50852130.0,0.0,1.0,163.085,163.4,159.0685,159.54,50852130.0,-0.021639558468579508,171.46000000000004,166.78557799999973
2018-02-08,160.29,161.0,155.03,155.32,49594129.0,0.0,1.0,160.29,161.0,155.03,155.32,49594129.0,-0.02680716961951684,170.9516666666667,166.75597799999974
2018-02-09,157.07,157.89,150.24,155.97,66723743.0,0.0,1.0,157.07,157.89,150.24,155.97,66723743.0,0.0041761762002675284,170.46400000000003,166.71687799999975
2018-02-12,158.5,163.89,157.51,162.71,60560145.0,0.0,1.0,158.5,163.89,157.51,162.71,60560145.0,0.042305794087493506,170.18500000000003,166.75727799999976
2018-02-13,161.95,164.75,161.65,164.34,32104756.0,0.0,1.0,161.95,164.75,161.65,164.34,32104756.0,0.00996797735181408,170.02200000000005,166.81337799999974
2018-02-14,163.045,167.54,162.88,167.37,39669178.0,0.0,1.0,163.045,167.54,162.88,167.37,39669178.0,0.018269478022504962,169.85900000000004,166.92637799999974
2018-02-15,169.79,173.09,169.0,172.99,50609595.0,0.0,1.0,169.79,173.09,169.0,172.99,50609595.0,0.03302685883333945,169.8843333333334,167.12237799999977
2018-02-16,172.36,174.82,171.77,172.43,39638793.0,0.0,1.0,172.36,174.82,171.77,172.43,39638793.0,-0.003242432346845786,169.8643333333334,167.32777799999977
2018-02-20,172.05,174.26,171.42,171.85,33531012.0,0.0,1.0,172.05,174.26,171.42,171.85,33531012.0,-0.0033693537161973816,169.75933333333342,167.54077799999976
2018-02-21,172.83,174.12,171.01,171.07,35833514.0,0.0,1.0,172.83,174.12,171.01,171.07,35833514.0,-0.004549173831642337,169.65000000000006,167.72007799999977
2018-02-22,171.8,173.95,171.71,172.6,30504116.0,0.0,1.0,171.8,173.95,171.71,172.6,30504116.0,0.008903949185127078,169.5923333333334,167.90377799999976
2018-02-23,173.67,175.65,173.54,175.555,33329232.0,0.0,1.0,173.67,175.65,173.54,175.555,33329232.0,0.01697560547349635,169.6345000000001,168.12652799999978
2018-02-26,176.35,179.39,176.21,178.97,36886432.0,0.0,1.0,176.35,179.39,176.21,178.97,36886432.0,0.019265809906492973,169.7575000000001,168.37502799999982
2018-02-27,179.1,180.48,178.16,178.39,38685165.0,0.0,1.0,179.1,180.48,178.16,178.39,38685165.0,-0.0032460292661408183,169.80083333333343,168.6208279999998
2018-02-28,179.26,180.615,178.05,178.12,33604574.0,0.0,1.0,179.26,180.615,178.05,178.12,33604574.0,-0.001514684309674505,169.8651666666668,168.85722799999976
2018-03-01,178.54,179.775,172.66,175.0,48801970.0,0.0,1.0,178.54,179.775,172.66,175.0,48801970.0,-0.017671506529987557,169.7285000000001,169.07271999999978
2018-03-02,172.8,176.3,172.45,176.21,38453950.0,0.0,1.0,172.8,176.3,172.45,176.21,38453950.0,0.0068904916571251255,169.62683333333342,169.28091999999978
2018-03-05,175.21,177.74,174.52,176.82,28401366.0,0.0,1.0,175.21,177.74,174.52,176.82,28401366.0,0.0034558003970191075,169.57216666666676,169.4961199999998
2018-03-06,177.91,178.25,176.13,176.67,23788506.0,0.0,1.0,177.91,178.25,176.13,176.67,23788506.0,-0.0008486803530692628,169.56116666666676,169.70441999999977
2018-03-07,174.94,175.85,174.27,175.03,31703462.0,0.0,1.0,174.94,175.85,174.27,175.03,31703462.0,-0.00932619782184482,169.49416666666676,169.89571999999976
2018-03-08,175.48,177.12,175.07,176.94,23163767.0,0.0,1.0,175.48,177.12,175.07,176.94,23163767.0,0.010853304252495751,169.5848333333334,170.09961999999973
2018-03-09,177.96,180.0,177.39,179.98,31385134.0,0.0,1.0,177.96,180.0,177.39,179.98,31385134.0,0.01703504155056259,169.88050000000007,170.33941999999973
2018-03-12,180.29,182.39,180.21,181.72,32055405.0,0.0,1.0,180.29,182.39,180.21,181.72,32055405.0,0.009621307285400097,170.2208333333334,170.58671999999973
2018-03-13,182.59,183.5,179.24,179.97,31168404.0,0.0,1.0,182.59,183.5,179.24,179.97,31168404.0,-0.009676870558091138,170.62116666666674,170.78761999999972
2018-03-14,180.32,180.52,177.81,178.44,29075469.0,0.0,1.0,180.32,180.52,177.81,178.44,29075469.0,-0.008537760073047405,171.00350000000006,170.96731999999972
2018-03-15,178.5,180.24,178.0701,178.65,22584565.0,0.0,1.0,178.5,180.24,178.0701,178.65,22584565.0,0.0011761742093547428,171.37750000000003,171.15621999999973
2018-03-16,178.65,179.12,177.62,178.02,36836456.0,0.0,1.0,178.65,179.12,177.62,178.02,36836456.0,-0.0035326809386333857,171.71883333333338,171.37661999999975
2018-03-19,177.32,177.47,173.66,175.3,32804695.0,0.0,1.0,177.32,177.47,173.66,175.3,32804695.0,-0.015397111603596634,172.21650000000005,171.56801999999973
2018-03-20,175.24,176.8,174.94,175.24,19314039.0,0.0,1.0,175.24,176.8,174.94,175.24,19314039.0,-0.0003423289814911611,172.80816666666672,171.75871999999978
2018-03-21,175.04,175.09,171.26,171.27,35247358.0,0.0,1.0,175.04,175.09,171.26,171.27,35247358.0,-0.02291520430142023,173.0828333333334,171.9004199999998
2018-03-22,170.0,172.68,168.6,168.845,41051076.0,0.0,1.0,170.0,172.68,168.6,168.845,41051076.0,-0.01426012433287653,173.3930000000001,172.0248199999998
2018-03-23,168.39,169.92,164.94,164.94,40248954.0,0.0,1.0,168.39,169.92,164.94,164.94,40248954.0,-0.023399362906191698,173.71366666666674,172.1001199999998
2018-03-26,168.07,173.1,166.44,172.77,36272617.0,0.0,1.0,168.07,173.1,166.44,172.77,36272617.0,0.04637945878148152,174.27366666666677,172.19731999999982
2018-03-27,173.68,175.15,166.92,168.34,38962839.0,0.0,1.0,173.68,175.15,166.92,168.34,38962839.0,-0.025975486403260677,174.46133333333344,172.21351999999982
